"Status","Start Time","Stop Time","Duration in ms","Parent Suite","Suite","Sub Suite","Test Class","Test Method","Name","Description"
"broken","Thu Feb 25 15:53:46 IST 2021","Thu Feb 25 15:53:56 IST 2021","9915","Nordson OMU Web App Regression Tests on Chrome","Nordson OMU Web App Regression Tests on Chrome","com.nordson.testCases.TC_Pressure_Min_Max_Data_Validations","com.nordson.testCases.TC_Pressure_Min_Max_Data_Validations","PressureValues_BAR_Same_Min_Max","PressureValues_BAR_Same_Min_Max",""
"passed","Tue Mar 09 10:39:10 IST 2021","Tue Mar 09 10:39:32 IST 2021","21780","Nordson OMU Web App Regression Tests on Chrome","Nordson OMU Web App Regression Tests on Chrome","com.nordson.testCases.TC_Pressure_Min_Max_Data_Validations","com.nordson.testCases.TC_Pressure_Min_Max_Data_Validations","PressureValues_PSI_Min_Max_0_101","PressureValues_PSI_Min_Max_0_101",""
"passed","Tue Mar 09 10:30:52 IST 2021","Tue Mar 09 10:31:27 IST 2021","34297","Nordson OMU Web App Regression Tests on Chrome","Nordson OMU Web App Regression Tests on Chrome","com.nordson.testCases.TC_Pressure_Min_Max_Data_Validations","com.nordson.testCases.TC_Pressure_Min_Max_Data_Validations","Pressure_Validation_Kpa_Clear_Data_Min_Save","Pressure_Validation_Kpa_Clear_Data_Min_Save",""
"passed","Tue Mar 09 10:40:16 IST 2021","Tue Mar 09 10:40:38 IST 2021","21973","Nordson OMU Web App Regression Tests on Chrome","Nordson OMU Web App Regression Tests on Chrome","com.nordson.testCases.TC_Pressure_Min_Max_Data_Validations","com.nordson.testCases.TC_Pressure_Min_Max_Data_Validations","PressureValues_PSI_Same_Min_Max","PressureValues_PSI_Same_Min_Max",""
"passed","Tue Mar 09 10:28:47 IST 2021","Tue Mar 09 10:29:28 IST 2021","40815","Nordson OMU Web App Regression Tests on Chrome","Nordson OMU Web App Regression Tests on Chrome","com.nordson.testCases.TC_Pressure_Validations_Kpa_Bar_Psi_Default_Values","com.nordson.testCases.TC_Pressure_Validations_Kpa_Bar_Psi_Default_Values","Pressure_Validation_Kpa_Default_Values_with_Hydraulic_Pump_Ratio_STD_STD_DA","Pressure_Validation_Kpa_Default_Values_with_Hydraulic_Pump_Ratio_STD_STD_DA","Verify the Default Values for KPA Pressure Unit with Hydraulic pressure scaling and Pump Ratio-STD STD-DA"
"broken","Thu Feb 25 15:53:59 IST 2021","Thu Feb 25 15:54:01 IST 2021","2121","Nordson OMU Web App Regression Tests on Chrome","Nordson OMU Web App Regression Tests on Chrome","com.nordson.testCases.TC_Pressure_Min_Max_Data_Validations","com.nordson.testCases.TC_Pressure_Min_Max_Data_Validations","PressureValuesMin_0_Max_690","PressureValuesMin_0_Max_690",""
"passed","Tue Mar 09 10:34:33 IST 2021","Tue Mar 09 10:34:40 IST 2021","6681","Nordson OMU Web App Regression Tests on Chrome","Nordson OMU Web App Regression Tests on Chrome","com.nordson.testCases.TC_Pressure_Min_Max_Data_Validations","com.nordson.testCases.TC_Pressure_Min_Max_Data_Validations","PressureValues_Kpa_Min_0_Max_690","PressureValues_Kpa_Min_0_Max_690",""
"passed","Tue Mar 02 15:30:43 IST 2021","Tue Mar 02 15:31:04 IST 2021","21844","Nordson OMU Web App Regression Tests on Chrome","Nordson OMU Web App Regression Tests on Chrome","com.nordson.testCases.TC_Pressure_Min_Max_Data_Validations","com.nordson.testCases.TC_Pressure_Min_Max_Data_Validations","PressureValues_Kpa_Min_0_Max_0","PressureValues_Kpa_Min_0_Max_0",""
"skipped","Sun Feb 28 11:59:41 IST 2021","Sun Feb 28 11:59:41 IST 2021","19","Nordson OMU Web App Regression Tests on Chrome","Nordson OMU Web App Regression Tests on Chrome","com.nordson.testCases.TC_Pressure_Min_Max_Data_Validations","com.nordson.testCases.TC_Pressure_Min_Max_Data_Validations","PressureValues_PSI_Min_Max_0_100","PressureValues_PSI_Min_Max_0_100",""
"passed","Tue Mar 09 10:34:11 IST 2021","Tue Mar 09 10:34:33 IST 2021","21841","Nordson OMU Web App Regression Tests on Chrome","Nordson OMU Web App Regression Tests on Chrome","com.nordson.testCases.TC_Pressure_Min_Max_Data_Validations","com.nordson.testCases.TC_Pressure_Min_Max_Data_Validations","PressureValues_Kpa_Min_0_Max_691","PressureValues_Kpa_Min_0_Max_691",""
"passed","Tue Mar 09 10:31:59 IST 2021","Tue Mar 09 10:32:21 IST 2021","21864","Nordson OMU Web App Regression Tests on Chrome","Nordson OMU Web App Regression Tests on Chrome","com.nordson.testCases.TC_Pressure_Min_Max_Data_Validations","com.nordson.testCases.TC_Pressure_Min_Max_Data_Validations","PressureValues_Kpa_Min_0_Max_0","PressureValues_Kpa_Min_0_Max_0",""
"passed","Tue Mar 09 10:40:38 IST 2021","Tue Mar 09 10:40:48 IST 2021","9704","Nordson OMU Web App Regression Tests on Chrome","Nordson OMU Web App Regression Tests on Chrome","com.nordson.testCases.TC_Pressure_Min_Max_Data_Validations","com.nordson.testCases.TC_Pressure_Min_Max_Data_Validations","PressureValues_PSI_Min_Max_0_100","PressureValues_PSI_Min_Max_0_100",""
"unknown","Mon Mar 08 21:45:51 IST 2021","Mon Mar 08 21:45:51 IST 2021","0","Nordson OMU Web App Regression Tests on Chrome","Nordson OMU Web App Regression Tests on Chrome","com.nordson.testCases.TC_Pressure_Min_Max_Data_Validations","com.nordson.testCases.TC_Pressure_Min_Max_Data_Validations","PressureValues_Min_19_Max_2","PressureValues_Min_19_Max_2",""
"unknown","Mon Mar 08 21:45:51 IST 2021","Mon Mar 08 21:45:51 IST 2021","0","Nordson OMU Web App Regression Tests on Chrome","Nordson OMU Web App Regression Tests on Chrome","com.nordson.testCases.TC_Pressure_Min_Max_Data_Validations","com.nordson.testCases.TC_Pressure_Min_Max_Data_Validations","PressureValuesMin_0_Max_690","PressureValuesMin_0_Max_690",""
"unknown","Mon Mar 08 21:45:51 IST 2021","Mon Mar 08 21:45:51 IST 2021","0","Nordson OMU Web App Regression Tests on Chrome","Nordson OMU Web App Regression Tests on Chrome","com.nordson.testCases.TC_Pressure_Min_Max_Data_Validations","com.nordson.testCases.TC_Pressure_Min_Max_Data_Validations","PressureValues_PSI_Same_Min_Max","PressureValues_PSI_Same_Min_Max",""
"skipped","Mon Mar 08 16:05:31 IST 2021","Mon Mar 08 16:05:31 IST 2021","4","Default suite","Default test","com.nordson.testCases.TC_Pressure_Data_MDS","com.nordson.testCases.TC_Pressure_Data_MDS","loginDDT","loginDDT",""
"passed","Tue Mar 09 10:26:53 IST 2021","Tue Mar 09 10:27:00 IST 2021","7145","Nordson OMU Web App Regression Tests on Chrome","Nordson OMU Web App Regression Tests on Chrome","com.nordson.testCases.TC_Pressure_Validations_Kpa_Bar_Psi_Default_Values","com.nordson.testCases.TC_Pressure_Validations_Kpa_Bar_Psi_Default_Values","loginDDT","loginDDT",""
"passed","Tue Mar 02 15:30:21 IST 2021","Tue Mar 02 15:30:43 IST 2021","21989","Nordson OMU Web App Regression Tests on Chrome","Nordson OMU Web App Regression Tests on Chrome","com.nordson.testCases.TC_Pressure_Min_Max_Data_Validations","com.nordson.testCases.TC_Pressure_Min_Max_Data_Validations","PressureValues_Kpa_Min_0_Max_0","PressureValues_Kpa_Min_0_Max_0",""
"passed","Tue Mar 09 10:38:26 IST 2021","Tue Mar 09 10:38:48 IST 2021","21881","Nordson OMU Web App Regression Tests on Chrome","Nordson OMU Web App Regression Tests on Chrome","com.nordson.testCases.TC_Pressure_Min_Max_Data_Validations","com.nordson.testCases.TC_Pressure_Min_Max_Data_Validations","PressureValues_PSI_Min_Max_0_101","PressureValues_PSI_Min_Max_0_101",""
"passed","Tue Mar 09 10:37:03 IST 2021","Tue Mar 09 10:37:25 IST 2021","21962","Nordson OMU Web App Regression Tests on Chrome","Nordson OMU Web App Regression Tests on Chrome","com.nordson.testCases.TC_Pressure_Min_Max_Data_Validations","com.nordson.testCases.TC_Pressure_Min_Max_Data_Validations","PressureValues_Min_19_Max_2","PressureValues_Min_19_Max_2",""
"passed","Tue Mar 09 10:38:48 IST 2021","Tue Mar 09 10:39:10 IST 2021","21884","Nordson OMU Web App Regression Tests on Chrome","Nordson OMU Web App Regression Tests on Chrome","com.nordson.testCases.TC_Pressure_Min_Max_Data_Validations","com.nordson.testCases.TC_Pressure_Min_Max_Data_Validations","PressureValues_PSI_Min_Max_0_101","PressureValues_PSI_Min_Max_0_101",""
"unknown","Mon Mar 08 21:45:51 IST 2021","Mon Mar 08 21:45:51 IST 2021","0","Nordson OMU Web App Regression Tests on Chrome","Nordson OMU Web App Regression Tests on Chrome","com.nordson.testCases.TC_Pressure_Min_Max_Data_Validations","com.nordson.testCases.TC_Pressure_Min_Max_Data_Validations","PressureValues_Kpa_Min_0_Max_691","PressureValues_Kpa_Min_0_Max_691",""
"unknown","Sun Feb 28 12:03:14 IST 2021","Sun Feb 28 12:03:14 IST 2021","0","Nordson OMU Web App Regression Tests on Chrome","Nordson OMU Web App Regression Tests on Chrome","com.nordson.testCases.TC_Pressure_Min_Max_Data_Validations","com.nordson.testCases.TC_Pressure_Min_Max_Data_Validations","PressureValues_Kpa_Min_0_Max_0","PressureValues_Kpa_Min_0_Max_0",""
"unknown","Mon Mar 08 21:45:51 IST 2021","Mon Mar 08 21:45:51 IST 2021","0","Nordson OMU Web App Regression Tests on Chrome","Nordson OMU Web App Regression Tests on Chrome","com.nordson.testCases.TC_Pressure_Min_Max_Data_Validations","com.nordson.testCases.TC_Pressure_Min_Max_Data_Validations","PressureValues_PSI_Min_Max_0_101","PressureValues_PSI_Min_Max_0_101",""
"passed","Tue Mar 09 10:36:41 IST 2021","Tue Mar 09 10:37:02 IST 2021","21945","Nordson OMU Web App Regression Tests on Chrome","Nordson OMU Web App Regression Tests on Chrome","com.nordson.testCases.TC_Pressure_Min_Max_Data_Validations","com.nordson.testCases.TC_Pressure_Min_Max_Data_Validations","PressureValues_BAR_Same_Min_Max","PressureValues_BAR_Same_Min_Max",""
"passed","Tue Mar 09 10:37:31 IST 2021","Tue Mar 09 10:38:01 IST 2021","29154","Nordson OMU Web App Regression Tests on Chrome","Nordson OMU Web App Regression Tests on Chrome","com.nordson.testCases.TC_Pressure_Min_Max_Data_Validations","com.nordson.testCases.TC_Pressure_Min_Max_Data_Validations","Pressure_Validation_PSI_Clear_Data_Min_Save","Pressure_Validation_PSI_Clear_Data_Min_Save",""
"skipped","Mon Mar 08 16:05:31 IST 2021","Mon Mar 08 16:05:31 IST 2021","1","Default suite","Default test","com.nordson.testCases.TC_Pressure_Data_MDS","com.nordson.testCases.TC_Pressure_Data_MDS","Pressure_Data_MDS_File","Pressure_Data_MDS_File",""
"passed","Tue Mar 09 10:34:40 IST 2021","Tue Mar 09 10:35:09 IST 2021","29386","Nordson OMU Web App Regression Tests on Chrome","Nordson OMU Web App Regression Tests on Chrome","com.nordson.testCases.TC_Pressure_Min_Max_Data_Validations","com.nordson.testCases.TC_Pressure_Min_Max_Data_Validations","Pressure_Validation_BAR_Clear_Data_Min_Save","Pressure_Validation_BAR_Clear_Data_Min_Save",""
"passed","Mon Mar 08 22:40:35 IST 2021","Mon Mar 08 22:40:57 IST 2021","21899","Nordson OMU Web App Regression Tests on Chrome","Nordson OMU Web App Regression Tests on Chrome","com.nordson.testCases.TC_Pressure_Min_Max_Data_Validations","com.nordson.testCases.TC_Pressure_Min_Max_Data_Validations","PressureValues_Kpa_Min_0_Max_0","PressureValues_Kpa_Min_0_Max_0",""
"passed","Tue Mar 09 10:33:49 IST 2021","Tue Mar 09 10:34:11 IST 2021","21883","Nordson OMU Web App Regression Tests on Chrome","Nordson OMU Web App Regression Tests on Chrome","com.nordson.testCases.TC_Pressure_Min_Max_Data_Validations","com.nordson.testCases.TC_Pressure_Min_Max_Data_Validations","PressureValues_Kpa_Min_0_Max_691","PressureValues_Kpa_Min_0_Max_691",""
"passed","Tue Mar 09 10:31:37 IST 2021","Tue Mar 09 10:31:59 IST 2021","22004","Nordson OMU Web App Regression Tests on Chrome","Nordson OMU Web App Regression Tests on Chrome","com.nordson.testCases.TC_Pressure_Min_Max_Data_Validations","com.nordson.testCases.TC_Pressure_Min_Max_Data_Validations","PressureValues_Kpa_Min_0_Max_0","PressureValues_Kpa_Min_0_Max_0",""
"passed","Tue Mar 09 10:32:43 IST 2021","Tue Mar 09 10:33:05 IST 2021","21930","Nordson OMU Web App Regression Tests on Chrome","Nordson OMU Web App Regression Tests on Chrome","com.nordson.testCases.TC_Pressure_Min_Max_Data_Validations","com.nordson.testCases.TC_Pressure_Min_Max_Data_Validations","PressureValues_Kpa_Min_0_Max_0","PressureValues_Kpa_Min_0_Max_0",""
"passed","Tue Mar 09 10:30:45 IST 2021","Tue Mar 09 10:30:52 IST 2021","6989","Nordson OMU Web App Regression Tests on Chrome","Nordson OMU Web App Regression Tests on Chrome","com.nordson.testCases.TC_Pressure_Min_Max_Data_Validations","com.nordson.testCases.TC_Pressure_Min_Max_Data_Validations","loginDDT","loginDDT",""
"passed","Tue Mar 09 10:36:19 IST 2021","Tue Mar 09 10:36:40 IST 2021","21896","Nordson OMU Web App Regression Tests on Chrome","Nordson OMU Web App Regression Tests on Chrome","com.nordson.testCases.TC_Pressure_Min_Max_Data_Validations","com.nordson.testCases.TC_Pressure_Min_Max_Data_Validations","PressureValues_BAR_Same_Min_Max","PressureValues_BAR_Same_Min_Max",""
"passed","Tue Mar 09 10:33:05 IST 2021","Tue Mar 09 10:33:27 IST 2021","21994","Nordson OMU Web App Regression Tests on Chrome","Nordson OMU Web App Regression Tests on Chrome","com.nordson.testCases.TC_Pressure_Min_Max_Data_Validations","com.nordson.testCases.TC_Pressure_Min_Max_Data_Validations","PressureValues_Kpa_Min_0_Max_0","PressureValues_Kpa_Min_0_Max_0",""
"passed","Tue Mar 09 10:35:35 IST 2021","Tue Mar 09 10:35:57 IST 2021","21760","Nordson OMU Web App Regression Tests on Chrome","Nordson OMU Web App Regression Tests on Chrome","com.nordson.testCases.TC_Pressure_Min_Max_Data_Validations","com.nordson.testCases.TC_Pressure_Min_Max_Data_Validations","PressureValues_BAR_Same_Min_Max","PressureValues_BAR_Same_Min_Max",""
"passed","Tue Mar 09 10:35:57 IST 2021","Tue Mar 09 10:36:19 IST 2021","21809","Nordson OMU Web App Regression Tests on Chrome","Nordson OMU Web App Regression Tests on Chrome","com.nordson.testCases.TC_Pressure_Min_Max_Data_Validations","com.nordson.testCases.TC_Pressure_Min_Max_Data_Validations","PressureValues_BAR_Same_Min_Max","PressureValues_BAR_Same_Min_Max",""
"unknown","Mon Mar 08 21:45:51 IST 2021","Mon Mar 08 21:45:51 IST 2021","0","Nordson OMU Web App Regression Tests on Chrome","Nordson OMU Web App Regression Tests on Chrome","com.nordson.testCases.TC_Pressure_Min_Max_Data_Validations","com.nordson.testCases.TC_Pressure_Min_Max_Data_Validations","PressureValues_Kpa_Min_0_Max_690","PressureValues_Kpa_Min_0_Max_690",""
"passed","Tue Mar 09 10:27:00 IST 2021","Tue Mar 09 10:27:38 IST 2021","38091","Nordson OMU Web App Regression Tests on Chrome","Nordson OMU Web App Regression Tests on Chrome","com.nordson.testCases.TC_Pressure_Validations_Kpa_Bar_Psi_Default_Values","com.nordson.testCases.TC_Pressure_Validations_Kpa_Bar_Psi_Default_Values","Pressure_Validation_Kpa_default_values","Pressure_Validation_Kpa_default_values","Verify the Default Values for Kpa Pressure Unit"
"passed","Tue Mar 09 10:37:25 IST 2021","Tue Mar 09 10:37:31 IST 2021","6567","Nordson OMU Web App Regression Tests on Chrome","Nordson OMU Web App Regression Tests on Chrome","com.nordson.testCases.TC_Pressure_Min_Max_Data_Validations","com.nordson.testCases.TC_Pressure_Min_Max_Data_Validations","PressureValuesMin_0_Max_690","PressureValuesMin_0_Max_690",""
"broken","Mon Mar 08 16:05:30 IST 2021","Mon Mar 08 16:05:30 IST 2021","2","Default suite","Default test","com.nordson.testCases.TC_Pressure_Data_MDS","com.nordson.testCases.TC_Pressure_Data_MDS","setUp","Webdriver Intialization and Launch the Base URL",""
"passed","Mon Mar 08 21:44:07 IST 2021","Mon Mar 08 21:44:36 IST 2021","29438","Nordson OMU Web App Regression Tests on Chrome","Nordson OMU Web App Regression Tests on Chrome","com.nordson.testCases.TC_Pressure_Data_MDS","com.nordson.testCases.TC_Pressure_Data_MDS","Pressure_Data_MDS_File","Pressure_Data_MDS_File",""
"broken","Mon Mar 08 16:05:31 IST 2021","Mon Mar 08 16:05:31 IST 2021","0","Default suite","Default test","com.nordson.testCases.TC_Pressure_Data_MDS","com.nordson.testCases.TC_Pressure_Data_MDS","PressureValues_Kpa_Min_0_Max_0","PressureValues_Kpa_Min_0_Max_0",""
"passed","Tue Mar 09 10:32:21 IST 2021","Tue Mar 09 10:32:43 IST 2021","21874","Nordson OMU Web App Regression Tests on Chrome","Nordson OMU Web App Regression Tests on Chrome","com.nordson.testCases.TC_Pressure_Min_Max_Data_Validations","com.nordson.testCases.TC_Pressure_Min_Max_Data_Validations","PressureValues_Kpa_Min_0_Max_0","PressureValues_Kpa_Min_0_Max_0",""
"passed","Mon Mar 08 21:51:32 IST 2021","Mon Mar 08 21:51:41 IST 2021","9821","Nordson OMU Web App Regression Tests on Chrome","Nordson OMU Web App Regression Tests on Chrome","com.nordson.testCases.TC_Pressure_Min_Max_Data_Validations","com.nordson.testCases.TC_Pressure_Min_Max_Data_Validations","PressureValues_PSI_Min_Max_0_100","PressureValues_PSI_Min_Max_0_100",""
"passed","Tue Mar 09 10:30:05 IST 2021","Tue Mar 09 10:30:37 IST 2021","32475","Nordson OMU Web App Regression Tests on Chrome","Nordson OMU Web App Regression Tests on Chrome","com.nordson.testCases.TC_Pressure_Validations_Kpa_Bar_Psi_Default_Values","com.nordson.testCases.TC_Pressure_Validations_Kpa_Bar_Psi_Default_Values","Pressure_Validation_PSI_Default_Values_with_Hydraulic_Pump_Ratio_STD_STD_DA","Pressure_Validation_PSI_Default_Values_with_Hydraulic_Pump_Ratio_STD_STD_DA","Verify the Default Values for PSI Pressure Unit with Hydraulic pressure scaling and Pump Ratio-STD STD-DA"
"passed","Mon Mar 08 21:43:59 IST 2021","Mon Mar 08 21:44:07 IST 2021","7095","Nordson OMU Web App Regression Tests on Chrome","Nordson OMU Web App Regression Tests on Chrome","com.nordson.testCases.TC_Pressure_Data_MDS","com.nordson.testCases.TC_Pressure_Data_MDS","loginDDT","loginDDT",""
"passed","Mon Mar 08 21:44:36 IST 2021","Mon Mar 08 21:44:59 IST 2021","22876","Nordson OMU Web App Regression Tests on Chrome","Nordson OMU Web App Regression Tests on Chrome","com.nordson.testCases.TC_Pressure_Data_MDS","com.nordson.testCases.TC_Pressure_Data_MDS","PressureValues_Kpa_Min_40","PressureValues_Kpa_Min_40",""
"passed","Tue Mar 09 10:38:01 IST 2021","Tue Mar 09 10:38:26 IST 2021","25033","Nordson OMU Web App Regression Tests on Chrome","Nordson OMU Web App Regression Tests on Chrome","com.nordson.testCases.TC_Pressure_Min_Max_Data_Validations","com.nordson.testCases.TC_Pressure_Min_Max_Data_Validations","Pressure_Validation_PSI_Clear_Data_Max_Save","Pressure_Validation_PSI_Clear_Data_Max_Save",""
"broken","Mon Mar 08 16:07:53 IST 2021","Mon Mar 08 16:07:53 IST 2021","1","Nordson OMU Web App Regression Tests on Chrome","Nordson OMU Web App Regression Tests on Chrome","com.nordson.testCases.TC_Pressure_Data_MDS","com.nordson.testCases.TC_Pressure_Data_MDS","PressureValues_Kpa_Min_0_Max_0","PressureValues_Kpa_Min_0_Max_0",""
"unknown","Mon Mar 08 21:45:51 IST 2021","Mon Mar 08 21:45:51 IST 2021","0","Nordson OMU Web App Regression Tests on Chrome","Nordson OMU Web App Regression Tests on Chrome","com.nordson.testCases.TC_Pressure_Min_Max_Data_Validations","com.nordson.testCases.TC_Pressure_Min_Max_Data_Validations","PressureValues_BAR_Same_Min_Max","PressureValues_BAR_Same_Min_Max",""
"passed","Tue Mar 09 10:29:28 IST 2021","Tue Mar 09 10:30:05 IST 2021","36561","Nordson OMU Web App Regression Tests on Chrome","Nordson OMU Web App Regression Tests on Chrome","com.nordson.testCases.TC_Pressure_Validations_Kpa_Bar_Psi_Default_Values","com.nordson.testCases.TC_Pressure_Validations_Kpa_Bar_Psi_Default_Values","Pressure_Validation_BAR_Default_Values_with_Hydraulic_Pump_Ratio_STD_STD_DA","Pressure_Validation_BAR_Default_Values_with_Hydraulic_Pump_Ratio_STD_STD_DA","Verify the Default Values for BAR Pressure Unit with Hydraulic pressure scaling and Pump Ratio-STD STD-DA"
"passed","Tue Mar 09 10:33:28 IST 2021","Tue Mar 09 10:33:49 IST 2021","21870","Nordson OMU Web App Regression Tests on Chrome","Nordson OMU Web App Regression Tests on Chrome","com.nordson.testCases.TC_Pressure_Min_Max_Data_Validations","com.nordson.testCases.TC_Pressure_Min_Max_Data_Validations","PressureValues_Kpa_Min_0_Max_691","PressureValues_Kpa_Min_0_Max_691",""
"passed","Tue Mar 09 10:39:32 IST 2021","Tue Mar 09 10:39:54 IST 2021","21867","Nordson OMU Web App Regression Tests on Chrome","Nordson OMU Web App Regression Tests on Chrome","com.nordson.testCases.TC_Pressure_Min_Max_Data_Validations","com.nordson.testCases.TC_Pressure_Min_Max_Data_Validations","PressureValues_PSI_Min_Max_0_101","PressureValues_PSI_Min_Max_0_101",""
"passed","Tue Mar 09 10:35:10 IST 2021","Tue Mar 09 10:35:35 IST 2021","25011","Nordson OMU Web App Regression Tests on Chrome","Nordson OMU Web App Regression Tests on Chrome","com.nordson.testCases.TC_Pressure_Min_Max_Data_Validations","com.nordson.testCases.TC_Pressure_Min_Max_Data_Validations","Pressure_Validation_BAR_Clear_Data_Max_Save","Pressure_Validation_BAR_Clear_Data_Max_Save",""
"passed","Tue Mar 09 10:39:54 IST 2021","Tue Mar 09 10:40:16 IST 2021","21766","Nordson OMU Web App Regression Tests on Chrome","Nordson OMU Web App Regression Tests on Chrome","com.nordson.testCases.TC_Pressure_Min_Max_Data_Validations","com.nordson.testCases.TC_Pressure_Min_Max_Data_Validations","PressureValues_PSI_Min_Max_0_101","PressureValues_PSI_Min_Max_0_101",""
"passed","Tue Mar 09 10:28:15 IST 2021","Tue Mar 09 10:28:47 IST 2021","32547","Nordson OMU Web App Regression Tests on Chrome","Nordson OMU Web App Regression Tests on Chrome","com.nordson.testCases.TC_Pressure_Validations_Kpa_Bar_Psi_Default_Values","com.nordson.testCases.TC_Pressure_Validations_Kpa_Bar_Psi_Default_Values","Pressure_Validation_PSI_default_values","Pressure_Validation_PSI_default_values","Verify the Default Values for PSI Pressure Unit"
"broken","Mon Mar 08 21:51:41 IST 2021","Mon Mar 08 21:51:41 IST 2021","1","Nordson OMU Web App Regression Tests on Chrome","Nordson OMU Web App Regression Tests on Chrome","com.nordson.testCases.TC_Pressure_Min_Max_Data_Validations","com.nordson.testCases.TC_Pressure_Min_Max_Data_Validations","PressureValues_MDS","PressureValues_MDS",""
"passed","Tue Mar 09 10:31:27 IST 2021","Tue Mar 09 10:31:36 IST 2021","9783","Nordson OMU Web App Regression Tests on Chrome","Nordson OMU Web App Regression Tests on Chrome","com.nordson.testCases.TC_Pressure_Min_Max_Data_Validations","com.nordson.testCases.TC_Pressure_Min_Max_Data_Validations","Pressure_Validation_Kpa_Clear_Data_Max_Save","Pressure_Validation_Kpa_Clear_Data_Max_Save",""
"passed","Tue Mar 09 10:27:38 IST 2021","Tue Mar 09 10:28:15 IST 2021","36528","Nordson OMU Web App Regression Tests on Chrome","Nordson OMU Web App Regression Tests on Chrome","com.nordson.testCases.TC_Pressure_Validations_Kpa_Bar_Psi_Default_Values","com.nordson.testCases.TC_Pressure_Validations_Kpa_Bar_Psi_Default_Values","Pressure_Validation_BAR_default_values","Pressure_Validation_BAR_default_values","Verify the Default Values for BAR Pressure Unit"
